{
	"info": {
		"_postman_id": "0de51b61-a3cb-46bf-87ab-f5d96eea4f15",
		"name": "MEAN Demo",
		"schema": "https://schema.getpostman.com/json/collection/v2.1.0/collection.json"
	},
	"item": [
		{
			"name": "Product",
			"item": []
		},
		{
			"name": "Create",
			"request": {
				"method": "POST",
				"header": [],
				"url": {
					"raw": "http://localhost:8000/api/v1/product/create",
					"protocol": "http",
					"host": [
						"localhost"
					],
					"port": "8000",
					"path": [
						"api",
						"v1",
						"product",
						"create"
					]
				}
			},
			"response": []
		},
		{
			"name": "List",
			"request": {
				"method": "POST",
				"header": [],
				"body": {
					"mode": "raw",
					"raw": "{\r\n    \"name\" : \"Device\",\r\n    \"page\" : 1,\r\n    \"limit\" : 10\r\n}",
					"options": {
						"raw": {
							"language": "json"
						}
					}
				},
				"url": {
					"raw": "http://localhost:8000/api/v1/product/list",
					"protocol": "http",
					"host": [
						"localhost"
					],
					"port": "8000",
					"path": [
						"api",
						"v1",
						"product",
						"list"
					]
				}
			},
			"response": []
		}
	]
}